{
  "champion": {
    "n": 59092,
    "ppe10": 0.32537399309551207,
    "mdape": 0.1636683857733176,
    "r2": 0.028096760803456355
  },
  "challengers": {
    "H-SEG-001": {
      "run_id": "7f1cff9e88f54fe5a363248cc9a7da7a",
      "overall": {
        "n": 59092,
        "ppe10": 0.22128206863873282,
        "mdape": 0.22853679159759635,
        "r2": 0.17006623344026228
      },
      "delta_vs_champion": {
        "ppe10": -0.10409192445677926,
        "mdape": 0.06486840582427875,
        "r2": 0.14196947263680593
      },
      "segment_deltas": {
        "ELEVATOR": {
          "ppe10": -0.05286019003296491,
          "mdape": 0.09724170504442387,
          "r2": 0.20760911192892972
        },
        "SINGLE_FAMILY": {
          "ppe10": -0.18245446591903286,
          "mdape": 0.06663470612382885,
          "r2": -0.07780155025173197
        },
        "SMALL_MULTI": {
          "ppe10": -0.03711066931742876,
          "mdape": 0.059948145870086206,
          "r2": -0.10048229910260187
        },
        "WALKUP": {
          "ppe10": -0.017110635815671765,
          "mdape": 0.02928175800492608,
          "r2": -0.1191978323414058
        }
      },
      "tier_deltas": {
        "core": {
          "ppe10": -0.2079398993728031,
          "mdape": 0.08975860061820148,
          "r2": -154.87566452918333
        },
        "entry": {
          "ppe10": -0.017887302318440018,
          "mdape": 0.08493508372546682,
          "r2": -101.3282216687684
        },
        "luxury": {
          "ppe10": 0.027450496576398753,
          "mdape": -0.07538534762816224,
          "r2": 0.3192033754660657
        },
        "premium": {
          "ppe10": -0.21803727355662714,
          "mdape": 0.09282334462889395,
          "r2": -75.82666817753093
        }
      },
      "policy": {
        "gate_pass": false,
        "weighted_segment_mdape_improvement": -0.434912,
        "overall_ppe10_lift": -0.104092,
        "max_major_segment_ppe10_drop": 0.182454,
        "min_major_segment_ppe10": 0.175684,
        "drift_alert_delta": 0,
        "fairness_alert_delta": -1
      },
      "champion_dominates_segments": true,
      "champion_dominates_tiers": false,
      "challenger_wins_any_segment": [],
      "challenger_wins_any_tier": [
        "luxury"
      ],
      "best_segment_by_ppe10_delta": [
        "WALKUP",
        {
          "ppe10": -0.017110635815671765,
          "mdape": 0.02928175800492608,
          "r2": -0.1191978323414058
        }
      ],
      "best_tier_by_ppe10_delta": [
        "luxury",
        {
          "ppe10": 0.027450496576398753,
          "mdape": -0.07538534762816224,
          "r2": 0.3192033754660657
        }
      ]
    },
    "H-SEG-TIER-001": {
      "run_id": "d3bb60de10354f92be429f482fab2e4e",
      "overall": {
        "n": 59092,
        "ppe10": 0.22488661747783117,
        "mdape": 0.2291660687554294,
        "r2": 0.19544292345165337
      },
      "delta_vs_champion": {
        "ppe10": -0.1004873756176809,
        "mdape": 0.06549768298211178,
        "r2": 0.16734616264819702
      },
      "segment_deltas": {
        "ELEVATOR": {
          "ppe10": -0.04132734408509692,
          "mdape": 0.06903564594192108,
          "r2": 0.24819564162780228
        },
        "SINGLE_FAMILY": {
          "ppe10": -0.18947498983856975,
          "mdape": 0.07538851956233422,
          "r2": -0.0014124193652313988
        },
        "SMALL_MULTI": {
          "ppe10": -0.03147779986746188,
          "mdape": 0.07542520194178534,
          "r2": -0.18132367090083323
        },
        "WALKUP": {
          "ppe10": -0.0025277075636787605,
          "mdape": 0.019810121372767858,
          "r2": -0.1922373711767198
        }
      },
      "tier_deltas": {
        "core": {
          "ppe10": -0.1962064302102569,
          "mdape": 0.08582309868875085,
          "r2": -158.99337790420134
        },
        "entry": {
          "ppe10": -0.006798242015307876,
          "mdape": 0.04706620779998122,
          "r2": -123.22237302381849
        },
        "luxury": {
          "ppe10": 0.025156745450216622,
          "mdape": -0.06445627180290392,
          "r2": 0.3651026691282987
        },
        "premium": {
          "ppe10": -0.22224123203568383,
          "mdape": 0.10117184712054057,
          "r2": -83.45211050104207
        }
      },
      "policy": {
        "gate_pass": false,
        "weighted_segment_mdape_improvement": -0.385839,
        "overall_ppe10_lift": -0.100487,
        "max_major_segment_ppe10_drop": 0.189475,
        "min_major_segment_ppe10": 0.183234,
        "drift_alert_delta": 0,
        "fairness_alert_delta": -1
      },
      "champion_dominates_segments": true,
      "champion_dominates_tiers": false,
      "challenger_wins_any_segment": [],
      "challenger_wins_any_tier": [
        "luxury"
      ],
      "best_segment_by_ppe10_delta": [
        "WALKUP",
        {
          "ppe10": -0.0025277075636787605,
          "mdape": 0.019810121372767858,
          "r2": -0.1922373711767198
        }
      ],
      "best_tier_by_ppe10_delta": [
        "luxury",
        {
          "ppe10": 0.025156745450216622,
          "mdape": -0.06445627180290392,
          "r2": 0.3651026691282987
        }
      ]
    },
    "H-SEASON-001": {
      "run_id": "6612686186654a3685df7ffca7ca3bde",
      "overall": {
        "n": 59092,
        "ppe10": 0.21840519867325525,
        "mdape": 0.2521219463629831,
        "r2": 0.3152899625121999
      },
      "delta_vs_champion": {
        "ppe10": -0.10696879442225682,
        "mdape": 0.08845356058966547,
        "r2": 0.2871932017087435
      },
      "segment_deltas": {
        "ELEVATOR": {
          "ppe10": -0.08387475904844485,
          "mdape": 0.1631775057289393,
          "r2": 0.39428006784669667
        },
        "SINGLE_FAMILY": {
          "ppe10": -0.14633040577621886,
          "mdape": 0.05643574004392474,
          "r2": 0.016312507424179223
        },
        "SMALL_MULTI": {
          "ppe10": -0.052021206096752814,
          "mdape": 0.1146314498993902,
          "r2": -0.19177914077416292
        },
        "WALKUP": {
          "ppe10": -0.06260937196188993,
          "mdape": 0.09662197240259737,
          "r2": -0.15797416486482985
        }
      },
      "tier_deltas": {
        "core": {
          "ppe10": -0.1822869153260232,
          "mdape": 0.09867602156281113,
          "r2": -53.96832864857654
        },
        "entry": {
          "ppe10": -0.06983571130277716,
          "mdape": 0.20658780571371022,
          "r2": -48.39092213607311
        },
        "luxury": {
          "ppe10": 0.026760495758630154,
          "mdape": -0.06694990300967407,
          "r2": 0.3991186722718345
        },
        "premium": {
          "ppe10": -0.2085551006488225,
          "mdape": 0.09682988853263126,
          "r2": -35.001188391574836
        }
      },
      "policy": {
        "gate_pass": false,
        "weighted_segment_mdape_improvement": -0.623213,
        "overall_ppe10_lift": -0.106969,
        "max_major_segment_ppe10_drop": 0.14633,
        "min_major_segment_ppe10": 0.144669,
        "drift_alert_delta": 0,
        "fairness_alert_delta": -1
      },
      "champion_dominates_segments": true,
      "champion_dominates_tiers": false,
      "challenger_wins_any_segment": [],
      "challenger_wins_any_tier": [
        "luxury"
      ],
      "best_segment_by_ppe10_delta": [
        "SMALL_MULTI",
        {
          "ppe10": -0.052021206096752814,
          "mdape": 0.1146314498993902,
          "r2": -0.19177914077416292
        }
      ],
      "best_tier_by_ppe10_delta": [
        "luxury",
        {
          "ppe10": 0.026760495758630154,
          "mdape": -0.06694990300967407,
          "r2": 0.3991186722718345
        }
      ]
    }
  }
}