group_type,group_name,n,ppe10,mdape,r2
segment,ELEVATOR,43,0.8837209302325582,0.040014426868920164,0.7695812136397755
segment,SINGLE_FAMILY,43,0.8604651162790697,0.027104999869429536,0.7365154739556163
segment,SMALL_MULTI,17,1.0,0.04042111303410192,0.7991769426924109
segment,WALKUP,17,0.7647058823529411,0.051144361975945116,0.860541953833928
price_tier,core,28,0.8928571428571429,0.032301541005587686,0.7313924924483268
price_tier,entry,28,0.8214285714285714,0.04999139975311875,0.6895382617899808
price_tier,luxury,30,0.9,0.03498639185020617,0.7698136480984082
price_tier,premium,34,0.8823529411764706,0.04156655031941821,0.6822948261680215
