feature,reference_n,current_n,psi,ks,status
year_built,60,60,0.4492357615634443,0.18333333333333335,alert
building_age,60,60,0.4007469344384743,0.18333333333333335,alert
total_units,60,60,0.23707164412336026,0.21666666666666667,alert
gross_square_feet,60,57,0.23800005329453072,0.08508771929824555,warn
distance_to_center_km,60,60,0.18907508542746038,0.13333333333333336,warn
residential_units,53,56,0.09778089412077035,0.1482479784366577,warn
h3_price_lag,60,60,0.07617825302402101,0.11666666666666664,warn
