{
  "status": "alert",
  "thresholds": {
    "warn_ppe10": 0.75,
    "critical_ppe10": 0.65,
    "warn_mdape": 0.08,
    "critical_mdape": 0.12
  },
  "metrics": {
    "overall": {
      "n": 59092,
      "ppe10": 0.32537399309551207,
      "mdape": 0.16366838465171193,
      "r2": 0.02809678332974197
    },
    "per_segment": {
      "ELEVATOR": {
        "n": 25785,
        "ppe10": 0.22854372697304634,
        "mdape": 0.22243873417721516,
        "r2": -0.09306365179282095
      },
      "SINGLE_FAMILY": {
        "n": 25146,
        "ppe10": 0.4585222301757735,
        "mdape": 0.10882137931034483,
        "r2": 0.5888606511738922
      },
      "SMALL_MULTI": {
        "n": 3018,
        "ppe10": 0.2147117296222664,
        "mdape": 0.23805547317753287,
        "r2": 0.4270905274692468
      },
      "WALKUP": {
        "n": 5143,
        "ppe10": 0.2247715341240521,
        "mdape": 0.23134285714285716,
        "r2": 0.3931169550315967
      }
    },
    "per_price_tier": {
      "core": {
        "n": 14509,
        "ppe10": 0.44923840374939694,
        "mdape": 0.11333460869565222,
        "r2": -5.016746453530503
      },
      "entry": {
        "n": 13026,
        "ppe10": 0.22984799631506217,
        "mdape": 0.2130706739820201,
        "r2": -4.191209634859483
      },
      "luxury": {
        "n": 16211,
        "ppe10": 0.15884276108815001,
        "mdape": 0.3335226063829787,
        "r2": -0.11592855796238699
      },
      "premium": {
        "n": 15346,
        "ppe10": 0.46526782223380686,
        "mdape": 0.10650456285480933,
        "r2": -1.8567798187335978
      }
    }
  },
  "predictions_csv": "reports/model/evaluation_predictions_v1.csv"
}