{
  "status": "ok",
  "thresholds": {
    "warn_ppe10": 0.75,
    "critical_ppe10": 0.65,
    "warn_mdape": 0.08,
    "critical_mdape": 0.12
  },
  "metrics": {
    "overall": {
      "n": 120,
      "ppe10": 0.875,
      "mdape": 0.038905577058872806,
      "r2": 0.795727679049574
    },
    "per_segment": {
      "ELEVATOR": {
        "n": 43,
        "ppe10": 0.8837209302325582,
        "mdape": 0.04001444350890732,
        "r2": 0.7695811892642224
      },
      "SINGLE_FAMILY": {
        "n": 43,
        "ppe10": 0.8604651162790697,
        "mdape": 0.027104999869429536,
        "r2": 0.7365154657232762
      },
      "SMALL_MULTI": {
        "n": 17,
        "ppe10": 1.0,
        "mdape": 0.04042109108215218,
        "r2": 0.7991769288414474
      },
      "WALKUP": {
        "n": 17,
        "ppe10": 0.7647058823529411,
        "mdape": 0.051144361975945116,
        "r2": 0.8605419438184702
      }
    },
    "per_price_tier": {
      "core": {
        "n": 28,
        "ppe10": 0.8928571428571429,
        "mdape": 0.03230156214055689,
        "r2": 0.7313924737557008
      },
      "entry": {
        "n": 28,
        "ppe10": 0.8214285714285714,
        "mdape": 0.04999140829495835,
        "r2": 0.6895382294629577
      },
      "luxury": {
        "n": 30,
        "ppe10": 0.9,
        "mdape": 0.034986399561103027,
        "r2": 0.7698136392778945
      },
      "premium": {
        "n": 34,
        "ppe10": 0.8823529411764706,
        "mdape": 0.04156655031941821,
        "r2": 0.6822948108344659
      }
    }
  },
  "predictions_csv": "reports/model/evaluation_predictions_v1.csv"
}