{
  "overall": {
    "n": 59092,
    "ppe10": 0.1708691531848643,
    "mdape": 0.31313148437500005,
    "r2": 0.3138433722772701
  },
  "per_segment": {
    "ELEVATOR": {
      "n": 25783,
      "ppe10": 0.11848892681224063,
      "mdape": 0.47862564393939394,
      "r2": 0.29019468203480236
    },
    "SINGLE_FAMILY": {
      "n": 25148,
      "ppe10": 0.2400986161921425,
      "mdape": 0.20771565942901438,
      "r2": 0.5845484092368212
    },
    "SMALL_MULTI": {
      "n": 3018,
      "ppe10": 0.133532140490391,
      "mdape": 0.40757678888057114,
      "r2": 0.2793762502264373
    },
    "WALKUP": {
      "n": 5143,
      "ppe10": 0.11685786505930391,
      "mdape": 0.43314700374531834,
      "r2": 0.2952723351594304
    }
  },
  "per_price_tier": {
    "core": {
      "n": 14512,
      "ppe10": 0.18012679162072767,
      "mdape": 0.281324615965973,
      "r2": -65.942578417785
    },
    "entry": {
      "n": 13024,
      "ppe10": 0.15241093366093367,
      "mdape": 0.45897853512664416,
      "r2": -54.7142682391403
    },
    "luxury": {
      "n": 16212,
      "ppe10": 0.1642610412040464,
      "mdape": 0.3096074736251947,
      "r2": 0.283018792687576
    },
    "premium": {
      "n": 15344,
      "ppe10": 0.18476277372262773,
      "mdape": 0.2750191461124615,
      "r2": -35.75429046729898
    }
  },
  "metadata": {
    "model_version": "v2",
    "model_package_id": "spec_nyc_avm_v2_20260504T235549Z_b6538c8",
    "artifact_tag": "clean_baseline",
    "trained_at_utc": "2026-05-04T23:55:55.525191",
    "train_rows": 236365,
    "test_rows": 59092,
    "dataset_version": "nyc_open_data_2019_2024_v2_bootstrap",
    "feature_contract_version": "fc_v2_20260504T235549Z_b6538c8",
    "target": "sale_price",
    "target_transform": "none",
    "model_strategy": "global",
    "router_mode": "segment_only",
    "router_columns": [],
    "min_segment_rows": 2000,
    "segment_model_count": 0,
    "feature_columns": [
      "gross_square_feet",
      "year_built",
      "building_age",
      "residential_units",
      "total_units",
      "distance_to_center_km",
      "h3_price_lag",
      "days_since_2019_start",
      "month_sin",
      "month_cos",
      "borough",
      "building_class",
      "property_segment",
      "neighborhood",
      "rate_regime_bucket"
    ],
    "optuna_trials": 0,
    "best_params": {},
    "segment_ppe10_variance": 0.1232407511328386,
    "segment_variance_flag_v2": false,
    "price_tier_proxy_bins_version": null,
    "feature_missingness_rows": 360,
    "feature_drift_rows": 360,
    "feature_drift_alerts": 96,
    "feature_drift_warnings": 43,
    "temporal_period_freq": "Q",
    "temporal_period_count": 6,
    "temporal_mdape_std": 0.009893346882505014,
    "temporal_ppe10_std": 0.007575452940545465,
    "temporal_ppe10_min": 0.1623585591196927,
    "temporal_ppe10_max": 0.1841347219144693,
    "temporal_mdape_min": 0.29737909207161123,
    "temporal_mdape_max": 0.3286220787207872,
    "temporal_mdape_last_minus_first": -0.0016978784921015122,
    "temporal_ppe10_last_minus_first": -0.017291595039579583
  }
}