{
  "overall": {
    "n": 59092,
    "ppe10": 0.32537399309551207,
    "mdape": 0.1636683857733176,
    "r2": 0.028096760803456355
  },
  "per_segment": {
    "ELEVATOR": {
      "n": 25785,
      "ppe10": 0.22854372697304634,
      "mdape": 0.22243876582278482,
      "r2": -0.09306368042410273
    },
    "SINGLE_FAMILY": {
      "n": 25146,
      "ppe10": 0.4585222301757735,
      "mdape": 0.10882137931034483,
      "r2": 0.5888606510936569
    },
    "SMALL_MULTI": {
      "n": 3018,
      "ppe10": 0.2147117296222664,
      "mdape": 0.23805547317753287,
      "r2": 0.42709052792224633
    },
    "WALKUP": {
      "n": 5143,
      "ppe10": 0.2247715341240521,
      "mdape": 0.23134285714285716,
      "r2": 0.3931169550423549
    }
  },
  "per_price_tier": {
    "core": {
      "n": 14509,
      "ppe10": 0.44923840374939694,
      "mdape": 0.1133346195652174,
      "r2": -5.016746465366325
    },
    "entry": {
      "n": 13026,
      "ppe10": 0.22984799631506217,
      "mdape": 0.2130706698671338,
      "r2": -4.191209631704979
    },
    "luxury": {
      "n": 16211,
      "ppe10": 0.15884276108815001,
      "mdape": 0.3335226063829787,
      "r2": -0.1159285839810329
    },
    "premium": {
      "n": 15346,
      "ppe10": 0.46526782223380686,
      "mdape": 0.10650455525169487,
      "r2": -1.8567798103681836
    }
  },
  "metadata": {
    "model_version": "v1",
    "artifact_tag": "prod",
    "trained_at_utc": "2026-02-11T22:55:20.253931",
    "train_rows": 236365,
    "test_rows": 59092,
    "feature_columns": [
      "gross_square_feet",
      "year_built",
      "building_age",
      "residential_units",
      "total_units",
      "distance_to_center_km",
      "h3_price_lag",
      "borough",
      "building_class",
      "property_segment",
      "price_tier",
      "neighborhood"
    ],
    "optuna_trials": 0,
    "best_params": {},
    "segment_ppe10_variance": 0.2438105005535071,
    "segment_variance_flag_v2": true
  }
}